{
    "Dataset": "time_series",
    "Shape": [
        181,
        46
    ],
    "Columns": [
        "Country / Territory",
        "ISO3",
        "Region",
        "CPI score 2023",
        "Rank 2023",
        "Sources 2023",
        "Standard error 2023",
        "CPI score 2022",
        "Rank 2022",
        "Sources 2022",
        "Standard error 2022",
        "CPI score 2021",
        "Rank 2021",
        "Sources 2021",
        "Standard error 2021",
        "CPI score 2020",
        "Rank 2020",
        "Sources 2020",
        "Standard error 2020",
        "CPI score 2019",
        "Rank 2019",
        "Sources 2019",
        "Standard error 2019",
        "CPI score 2018",
        "Rank 2018",
        "Sources 2018",
        "Standard error 2018",
        "CPI score 2017",
        "Rank 2017",
        "Sources 2017",
        "Standard error 2017",
        "CPI score 2016",
        "Sources 2016",
        "Standard error 2016",
        "CPI score 2015",
        "Sources 2015",
        "Standard error 2015",
        "CPI score 2014",
        "Sources 2014",
        "Standard error 2014",
        "CPI Score 2013",
        "Sources 2013",
        "Standard error 2013",
        "CPI Score 2012",
        "Sources 2012",
        "Standard error 2012"
    ],
    "Describe": {
        "CPI score 2023": {
            "count": 180.0,
            "mean": 42.97222222222222,
            "std": 18.719460956390474,
            "min": 11.0,
            "25%": 28.75,
            "50%": 40.0,
            "75%": 55.0,
            "max": 90.0
        },
        "Rank 2023": {
            "count": 180.0,
            "mean": 89.08333333333333,
            "std": 51.656458113235644,
            "min": 1.0,
            "25%": 45.0,
            "50%": 87.0,
            "75%": 133.75,
            "max": 180.0
        },
        "Sources 2023": {
            "count": 180.0,
            "mean": 6.927777777777778,
            "std": 1.8217511237941681,
            "min": 3.0,
            "25%": 6.0,
            "50%": 7.0,
            "75%": 8.0,
            "max": 10.0
        },
        "Standard error 2023": {
            "count": 180.0,
            "mean": 2.224277777777778,
            "std": 1.263077747911338,
            "min": 0.37,
            "25%": 1.4,
            "50%": 1.8,
            "75%": 2.57,
            "max": 7.43
        },
        "CPI score 2022": {
            "count": 180.0,
            "mean": 42.977777777777774,
            "std": 18.66133203900232,
            "min": 12.0,
            "25%": 29.75,
            "50%": 39.5,
            "75%": 55.0,
            "max": 90.0
        },
        "Rank 2022": {
            "count": 180.0,
            "mean": 88.98333333333333,
            "std": 51.670472317342,
            "min": 1.0,
            "25%": 45.0,
            "50%": 88.0,
            "75%": 131.5,
            "max": 180.0
        },
        "Sources 2022": {
            "count": 180.0,
            "mean": 7.0055555555555555,
            "std": 1.8077957262804307,
            "min": 3.0,
            "25%": 6.0,
            "50%": 7.0,
            "75%": 8.0,
            "max": 10.0
        },
        "Standard error 2022": {
            "count": 180.0,
            "mean": 2.1809444444444446,
            "std": 1.2705313616870761,
            "min": 0.5,
            "25%": 1.37,
            "50%": 1.74,
            "75%": 2.49,
            "max": 7.67
        },
        "CPI score 2021": {
            "count": 180.0,
            "mean": 43.266666666666666,
            "std": 18.780591431718534,
            "min": 11.0,
            "25%": 29.75,
            "50%": 39.0,
            "75%": 55.0,
            "max": 88.0
        },
        "Rank 2021": {
            "count": 180.0,
            "mean": 89.07222222222222,
            "std": 51.88179846337169,
            "min": 1.0,
            "25%": 45.0,
            "50%": 87.0,
            "75%": 130.0,
            "max": 180.0
        },
        "Sources 2021": {
            "count": 180.0,
            "mean": 7.116666666666666,
            "std": 1.819432657597067,
            "min": 3.0,
            "25%": 6.0,
            "50%": 7.0,
            "75%": 8.0,
            "max": 10.0
        },
        "Standard error 2021": {
            "count": 180.0,
            "mean": 2.1526666666666667,
            "std": 1.3059205961129317,
            "min": 0.41,
            "25%": 1.32,
            "50%": 1.71,
            "75%": 2.5549999999999997,
            "max": 7.31
        },
        "CPI score 2020": {
            "count": 180.0,
            "mean": 43.34444444444444,
            "std": 18.87516242772162,
            "min": 12.0,
            "25%": 29.0,
            "50%": 40.0,
            "75%": 56.0,
            "max": 88.0
        },
        "Rank 2020": {
            "count": 180.0,
            "mean": 88.96666666666667,
            "std": 51.759532088410275,
            "min": 1.0,
            "25%": 45.0,
            "50%": 86.0,
            "75%": 134.0,
            "max": 179.0
        },
        "Sources 2020": {
            "count": 180.0,
            "mean": 7.083333333333333,
            "std": 1.7840854502670964,
            "min": 3.0,
            "25%": 6.0,
            "50%": 7.0,
            "75%": 8.0,
            "max": 10.0
        },
        "Standard error 2020": {
            "count": 180.0,
            "mean": 2.2395555555555555,
            "std": 1.3649052281431626,
            "min": 0.67,
            "25%": 1.3475000000000001,
            "50%": 1.7850000000000001,
            "75%": 2.66,
            "max": 7.8
        },
        "CPI score 2019": {
            "count": 180.0,
            "mean": 43.166666666666664,
            "std": 18.9602642416115,
            "min": 9.0,
            "25%": 29.0,
            "50%": 39.5,
            "75%": 56.0,
            "max": 87.0
        },
        "Rank 2019": {
            "count": 180.0,
            "mean": 88.96666666666667,
            "std": 51.65635266789285,
            "min": 1.0,
            "25%": 44.0,
            "50%": 88.0,
            "75%": 130.0,
            "max": 180.0
        },
        "Sources 2019": {
            "count": 180.0,
            "mean": 7.061111111111111,
            "std": 1.791238418353133,
            "min": 3.0,
            "25%": 6.0,
            "50%": 7.0,
            "75%": 8.0,
            "max": 10.0
        },
        "Standard error 2019": {
            "count": 180.0,
            "mean": 3.1412777777777783,
            "std": 1.5738470216473095,
            "min": 0.81,
            "25%": 2.1475,
            "50%": 2.6550000000000002,
            "75%": 3.6149999999999998,
            "max": 9.78
        },
        "CPI score 2018": {
            "count": 180.0,
            "mean": 43.11666666666667,
            "std": 19.142008265773143,
            "min": 10.0,
            "25%": 29.0,
            "50%": 38.0,
            "75%": 57.0,
            "max": 88.0
        },
        "Rank 2018": {
            "count": 180.0,
            "mean": 89.12777777777778,
            "std": 51.74831987184975,
            "min": 1.0,
            "25%": 45.0,
            "50%": 89.0,
            "75%": 132.0,
            "max": 180.0
        },
        "Sources 2018": {
            "count": 180.0,
            "mean": 6.944444444444445,
            "std": 1.890056965303392,
            "min": 3.0,
            "25%": 6.0,
            "50%": 7.0,
            "75%": 8.0,
            "max": 10.0
        },
        "Standard error 2018": {
            "count": 180.0,
            "mean": 2.985777777777778,
            "std": 1.530886096626459,
            "min": 0.77,
            "25%": 2.045,
            "50%": 2.62,
            "75%": 3.4075,
            "max": 9.46
        },
        "CPI score 2017": {
            "count": 180.0,
            "mean": 43.07222222222222,
            "std": 19.05154154543941,
            "min": 9.0,
            "25%": 29.0,